"","start_sample_date_time","stop_sample_date_time","comments","flightNumber","swas_case","swas_bottle","gc_date_time","ethane","ethene","propane","propene","iso_butane","n_butane","acetylene","but_1_ene","iso_butene","cis_2_butene","cyclo_pentane","iso_pentane","n_pentane","methyl_2_pentane","methyl_3_pentane","n_hexane","iso_octane","benzene","toluene","ethyl_benzene","m_xylene","p_xylene","o_xylene","tmb_135","tmb_124","tmb_123","trans_2_pentene","pent_1_ene","buta_1_3_diene","ALT_GIN","LAT_GIN","LON_GIN","PS_RVSM","PS_RVSM_FLAG","TAT_ND_R","TAT_ND_R_FLAG","O3_TECO","no_mr","no2_mr","co2_drymole","ch4_drymole","chl","nh4","no3","org","so4","mass_bc_ugm3","n_bc"
"1",2025-06-03T09:46:06+00:00,2025-06-03T09:46:28+00:00,"REVEAL_FLIGHT","c409",1,2,"19/07/2025T02:00",2.495,1.502,0.558,0.126,0.043,0.127,0.144,0.025,0.022,0.002,0.006,0.042,0.053,0.008,0.003,0.021,0.023,0.467,0.261,0.011,0.038,0.021,0.03,0.014,0.037,0.02,NA,NA,NA,9226.03756256104,52.930625641346,1.41468521095812,301.027203226089,0,231.803666853905,0,65.0459999084473,41.7805341913355,101.64040283456,432.2962,1997.9204,NA,NA,NA,NA,NA,1.64899230617285,431.82301902771
"2",2025-06-03T09:50:36+00:00,2025-06-03T09:50:58+00:00,"REVEAL_FLIGHT","c409",1,3,"19/07/2025T03:11",2.393,1.483,0.53,0.119,0.038,0.12,0.14,0.023,0.019,NA,0.006,0.028,0.045,0.006,0.002,0.021,NA,0.45,0.222,0.008,0.023,0.011,0.019,0.008,0.021,0.011,NA,NA,NA,9229.91953735351,52.8312599539757,2.2308033645153,301.200605487824,0,232.231711745262,0,65.315998840332,22.1951080717146,85.400018151179,432.3167,1997.9851,NA,NA,NA,NA,NA,1.64748062741756,482.440946102142
"3",2025-06-03T09:58:57+00:00,2025-06-03T09:59:19+00:00,"REVEAL_FLIGHT","c409",1,4,"19/07/2025T04:21",3.141,2.287,0.73,0.243,0.056,0.172,0.174,0.044,0.021,0.003,0.006,0.039,0.072,0.013,0.004,0.031,0.013,0.604,0.318,0.014,0.034,0.016,0.027,0.011,0.034,0.016,0.003,NA,NA,9222.05420684814,53.2001411616802,2.54011133760214,301.075234365463,0,232.150656509399,0,94.0200012207031,35.9864249614626,100.080759888887,431.1578,1982.81575,0.24586886,2.6821878,5.7899237,66.209885,1.697207,1.03640398603678,334.971067428589
"4",2025-06-03T10:09:24+00:00,2025-06-03T10:09:46+00:00,"REVEAL_FLIGHT","c409",1,5,"19/07/2025T05:32",1.303,0.51,0.245,0.039,0.015,0.048,0.075,0.008,0.01,NA,0.006,0.007,0.014,NA,NA,0.005,0.004,0.147,0.03,NA,0.005,0.003,0.004,0.004,0.01,0.007,NA,NA,NA,9205.09524688721,53.3898688077927,1.07337372731417,301.114346027374,0,231.1811866045,0,62.4700004577637,18.0735136208683,86.4710203645378,432.1595,2011.4589,NA,NA,NA,NA,NA,1.36829388344288,437.748442173004
"5",2025-06-03T10:34:35+00:00,2025-06-03T10:34:57+00:00,"REVEAL_FLIGHT","c409",1,6,"19/07/2025T06:42",1.873,1.332,0.398,0.145,0.027,0.087,0.118,0.026,0.017,NA,0.006,0.015,0.034,0.003,NA,0.016,0.007,0.34,0.17,0.006,0.017,0.008,0.015,0.005,0.015,0.008,0.002,NA,NA,9109.89786224365,54.8812750041485,-1.5597645657137,301.025919961929,0,231.178869342804,0,98.2380004882812,14.2600389769673,93.7209826222062,430.60645,1963.8239,NA,NA,NA,NA,NA,0.772949721038342,196.439482450485
"6",2025-06-03T10:54:09+00:00,2025-06-03T10:54:35+00:00,"REVEAL_FLIGHT","c409",1,7,"19/07/2025T07:52",0.715,0.124,0.106,0.037,0.008,0.018,0.03,0.01,0.01,0.002,0.005,0.003,0.005,NA,NA,0.002,0.003,0.091,0.012,NA,0.003,NA,0.002,0.002,0.006,0.004,NA,NA,NA,8987.41913960775,56.8649444937706,-2.17955638021231,301.176861349742,0,233.200992234548,0,66.3073328653971,23.5883027346929,88.0014313286543,432.0741,1996.23826666667,NA,NA,NA,NA,NA,1.82105989805857,465.844432353973
"7",2025-06-03T11:18:18+00:00,2025-06-03T11:18:44+00:00,"REVEAL_FLIGHT","c409",1,8,"19/07/2025T09:03",0.681,0.112,0.098,0.043,0.007,0.018,0.021,0.014,0.014,NA,0.005,0.004,0.005,NA,NA,0.002,0.006,0.085,0.032,NA,0.002,NA,0.002,0.002,0.006,0.004,NA,NA,NA,10344.4730143229,54.8063726385434,-2.03280961538355,250.286089579264,0,226.259912157059,0,201.093333943685,173.672701524099,218.38108926932,428.443733333333,1930.6334,NA,NA,NA,NA,NA,0.0956504874068002,36.0496343672276
"8",2025-06-03T11:26:07+00:00,2025-06-03T11:26:33+00:00,"REVEAL_FLIGHT","c409",1,9,"19/07/2025T13:42",0.472,0.069,0.065,0.023,0.002,0.014,0.014,0.008,0.011,NA,0.005,0.003,0.003,NA,NA,NA,0.007,0.064,0.034,NA,0.004,0.003,0.004,0.004,0.009,0.008,NA,NA,NA,10385.9206288656,54.0764197627703,-1.98833287768066,250.153804715474,0,226.183914279938,0,292.433337402344,252.736376978556,267.05238966465,426.830566666667,1894.4342,NA,NA,NA,NA,NA,0.0739330302281305,43.258287380139
"9",2025-06-03T11:29:41+00:00,2025-06-03T11:30:07+00:00,"REVEAL_FLIGHT","c409",1,10,"19/07/2025T14:53",0.589,0.082,0.086,0.021,0.006,0.015,0.022,0.006,0.009,NA,0.005,0.003,0.003,NA,NA,NA,0.003,0.054,0.012,NA,0.002,NA,0.002,0.002,0.005,0.005,NA,NA,NA,10400.036390686,53.7388015508652,-1.98335221428424,250.260543131828,0,226.740118145943,0,230.95,171.972450752258,218.541152196527,427.45875,1910.6886,0.014049454,0.29895148,0.35789993,3.7176204,1.2721967,0.132470834562555,40.2302878201008
"10",2025-06-03T11:31:27+00:00,2025-06-03T11:31:53+00:00,"REVEAL_FLIGHT","c409",1,11,"19/07/2025T16:03",0.672,0.108,0.101,0.017,0.002,0.017,0.026,0.004,0.007,NA,0.005,0.002,0.004,NA,NA,NA,0.002,0.046,0.005,NA,0.002,NA,NA,0.002,0.004,0.003,NA,NA,NA,10412.9869689941,53.5724835673968,-1.98097521563371,250.163007831573,0,227.057012224197,0,210.939998372396,141.45336236318,244.256821928024,428.3187,1925.26523333333,NA,NA,NA,NA,NA,0.179183688175554,44.2291622956594
"11",2025-06-03T11:33:39+00:00,2025-06-03T11:34:05+00:00,"REVEAL_FLIGHT","c409",1,12,"19/07/2025T17:14",0.546,0.092,0.079,0.028,0.002,0.015,0.019,0.008,0.011,NA,0.006,0.004,0.003,NA,NA,NA,0.004,0.046,0.011,NA,NA,NA,NA,NA,0.003,0.003,NA,NA,NA,10419.1852264404,53.3665622274081,-1.97778816421827,250.236020469666,0,226.581931940715,0,276.633331298828,247.74791885376,304.064880630175,426.759033333333,1892.71506666667,0.024015734,0.39626178,0.30981657,3.2630091,1.777827,0.107072405717025,35.0317687392235
"12",2025-06-03T14:16:07+00:00,2025-06-03T14:16:29+00:00,"REVEAL_FLIGHT","c410",1,13,"19/07/2025T18:24",0.628,0.124,0.083,0.041,0.007,0.02,0.017,0.017,0.017,NA,0.005,0.005,0.006,NA,NA,0.002,0.004,0.048,0.048,0.002,0.012,0.005,0.009,0.005,0.016,0.008,NA,NA,NA,9187.23366088867,53.4953174233437,-1.96190038006753,301.092585039139,0,230.84747030735,0,64.3855003356934,22.2970835459232,51.1639988808334,430.59595,1957.4925,NA,NA,NA,NA,NA,0.0171804046938196,8.67704798281193
"13",2025-06-03T14:17:45+00:00,2025-06-03T14:18:07+00:00,"REVEAL_FLIGHT","c410",1,14,"19/07/2025T19:34",0.735,0.076,0.142,0.02,0.012,0.033,0.018,0.007,0.007,NA,0.006,0.007,0.007,NA,NA,0.002,0.002,0.028,0.014,NA,0.003,NA,NA,NA,0.004,0.003,NA,NA,NA,9179.39603424072,53.6725127995014,-1.96618272438645,301.078863525391,0,231.060019755363,0,80.7409996032715,29.9471376085281,55.3831127583981,429.9686,1959.4626,0.0177096,0.21979155,0.37706226,1.4363916,0.46739408,0.0305192249147221,12.4580806195736
"14",2025-06-03T14:19:20+00:00,2025-06-03T14:19:43+00:00,"REVEAL_FLIGHT","c410",1,15,"19/07/2025T20:45",0.693,0.076,0.121,0.022,0.011,0.002,0.015,0.011,0.012,NA,0.005,0.006,0.006,NA,NA,0.002,0.004,0.028,0.03,NA,0.005,0.002,0.003,NA,0.004,0.002,NA,NA,NA,9173.987109375,53.8414199670156,-1.97080960671107,301.026085090637,0,230.946454906464,0,74.4526667277018,22.7505330089728,48.8774022594094,430.433233333333,1957.19796666667,NA,NA,NA,NA,NA,0.0469433398963884,11.7224637021621
"15",2025-06-03T14:22:15+00:00,2025-06-03T14:22:37+00:00,"REVEAL_FLIGHT","c410",1,16,"19/07/2025T21:55",0.818,0.073,0.179,0.022,0.002,0.041,0.018,0.008,0.007,NA,0.005,0.008,0.008,NA,NA,0.002,0.002,0.024,0.011,NA,NA,NA,NA,NA,0.003,NA,NA,NA,NA,9156.36884460449,54.1550258874893,-1.98019898608327,301.079442024231,0,230.453291296959,0,79.6080001831055,36.3859216166381,58.1529134622216,429.671,1964.466,NA,NA,NA,NA,NA,0.0446146895275451,15.281733520329
"16",2025-06-03T14:28:57+00:00,2025-06-03T14:29:20+00:00,"REVEAL_FLIGHT","c410",2,1,"11/07/2025T17:33",1.113,0.224,0.198,0.022,0.013,0.04,0.066,0.009,0.016,NA,0.006,0.054,0.013,0.005,NA,0.006,0.021,0.161,0.147,0.014,0.047,0.012,0.022,0.016,0.045,0.018,NA,0.005,NA,9111.54689645797,54.8699556673707,-2.04250197467806,300.969626871745,0,231.132491397858,0,226.533332316081,26.4871245649954,136.70089703838,428.2638,1920.7452,0.11017416,2.0545123,3.2739697,36.468838,1.9636259,0.691140317822496,191.061645547549
"17",2025-06-03T14:37:51+00:00,2025-06-03T14:38:14+00:00,"REVEAL_FLIGHT","c410",2,2,"11/07/2025T18:43",1.795,0.557,0.365,0.025,0.025,0.079,0.104,0.007,0.011,NA,0.006,0.016,0.027,0.002,NA,0.011,0.004,0.263,0.071,0.002,0.006,NA,0.005,0.004,0.011,0.005,NA,NA,NA,9058.6954788208,55.7808329164982,-2.18584483899176,301.17885260582,0,230.631067252159,0,81.6809997558594,16.7642301522195,60.2587914294004,430.66485,1987.524,0.12297221,1.9179373,2.7461219,35.739796,0.8224715,0.653539177954197,237.07497549057
"18",2025-06-03T15:12:10+00:00,2025-06-03T15:12:36+00:00,"REVEAL_FLIGHT","c410",2,3,"11/07/2025T19:53",1.312,0.184,0.247,NA,0.012,0.043,0.086,0.004,0.006,NA,0.005,0.005,0.011,NA,NA,NA,NA,0.139,0.023,NA,0.004,NA,0.003,0.003,0.008,0.002,NA,NA,NA,9779.65773417155,55.0766994158427,-1.53966131483515,271.759811623891,0,228.262647803624,0,242.333329772949,45.4596543881297,146.416512019237,428.9043,1925.50896666667,NA,NA,NA,NA,NA,1.17111979635557,250.128419518471
"19",2025-06-03T15:17:37+00:00,2025-06-03T15:18:04+00:00,"REVEAL_FLIGHT","c410",2,4,"11/07/2025T21:04",1.762,0.54,0.356,0.026,0.019,0.061,0.118,0.009,0.009,NA,0.006,0.008,0.017,NA,NA,0.004,0.002,0.243,0.019,NA,0.003,NA,NA,0.002,0.006,0.003,NA,NA,NA,10352.1983683268,54.5978574315707,-1.28130813501775,250.37192012469,0,224.504111131032,0,189.926666259766,37.1702984500925,110.205572059155,430.184833333333,1958.78656666667,0.24055019,3.5408933,5.5633731,80.505455,2.686466,1.94155598531167,424.812929312388
"20",2025-06-03T15:40:51+00:00,2025-06-03T15:41:18+00:00,"REVEAL_FLIGHT","c410",2,5,"11/07/2025T22:14",0.792,0.064,0.105,0.027,0.006,0.002,0.025,0.009,0.012,NA,0.006,0.003,0.003,NA,NA,NA,NA,0.039,0.015,NA,0.002,NA,NA,NA,0.005,0.002,NA,0.003,NA,10466.4750015259,52.9344824135303,1.38407340683043,250.223591518402,0,222.151325845718,0,129.459999084473,282.512685775757,66.4856602531672,429.85915,1968.6003,0.0060506198,0.12896056,0.16129036,0.90539283,0.82218802,0.0391275325585157,25.7950520664454
"21",2025-06-03T15:45:45+00:00,2025-06-03T15:46:12+00:00,"REVEAL_FLIGHT","c410",2,6,"11/07/2025T23:25",0.739,0.048,0.097,0.014,0.007,0.013,0.026,0.003,0.006,NA,0.006,0.002,0.002,NA,NA,NA,NA,0.039,0.012,NA,0.002,NA,NA,NA,0.004,0.002,NA,NA,NA,10479.116780599,52.8263531247775,2.26961481571198,250.175894737244,0,223.894888003667,0,134.993333689372,120.687033360799,30.4819697729747,430.1615,1956.98,-0.0036963169,0.018371444,0.20175268,1.1526579,0.5118596,0.160004932286528,43.4335984289646
"22",2025-06-03T15:53:57+00:00,2025-06-03T15:54:24+00:00,"REVEAL_FLIGHT","c410",2,7,"12/07/2025T00:35",0.731,0.05,0.096,0.017,0.002,0.014,0.026,0.006,0.008,NA,0.006,0.003,0.003,NA,NA,NA,NA,0.053,0.013,NA,NA,NA,NA,NA,0.003,0.002,NA,0.002,NA,10464.302440389,53.2134710709254,2.49553622603416,250.285732809703,0,224.140110762914,0,148.580000813802,119.686707801819,56.7018275429805,429.359766666667,1948.04986666667,0.012337039,0.18228634,0.49117219,3.6105883,0.52197117,0.0425770812267438,27.1003286441167
"23",2025-06-03T16:03:00+00:00,2025-06-03T16:03:26+00:00,"REVEAL_FLIGHT","c410",2,8,"12/07/2025T01:46",0.689,0.055,0.082,0.018,0.002,0.012,0.023,0.004,0.007,NA,0.006,0.002,0.002,NA,NA,NA,NA,0.043,0.011,NA,0.002,NA,NA,NA,0.004,NA,NA,NA,NA,10444.9294535319,53.382058262825,1.22522763100763,250.278638108571,0,222.47708085378,0,132.120001220703,125.546258360545,41.4675119672219,429.690366666667,1956.49993333333,-0.011030288,0.37691438,0.28448352,1.6741832,0.9543128,0.0660899042934179,34.1039296984673
"24",2025-06-05T09:29:35+00:00,2025-06-05T09:29:57+00:00,"REVEAL_FLIGHT","c412",2,9,"12/07/2025T06:25",0.789,0.051,0.126,0.016,0.002,0.019,0.023,0.005,0.009,NA,0.005,0.003,0.003,NA,NA,NA,NA,0.03,0.011,NA,0.002,NA,0.002,0.002,0.005,0.005,NA,NA,NA,9115.91299591064,52.9283531844616,1.43331512790173,301.108028888702,0,226.01181871891,0,181.339999389648,65.2417015940999,74.5155616089236,427.88405,1943.3959,NA,NA,NA,NA,NA,0.0894422567673028,24.6660662144423
"25",2025-06-05T09:34:19+00:00,2025-06-05T09:34:41+00:00,"REVEAL_FLIGHT","c412",2,10,"12/07/2025T07:35",0.965,0.059,0.149,0.019,0.009,0.002,0.037,0.006,0.009,NA,0.005,0.006,0.005,NA,NA,0.002,NA,0.051,0.014,NA,NA,NA,NA,NA,0.003,0.002,NA,NA,NA,9139.86021931966,52.8307544469833,2.23512626240651,301.108221054077,0,227.235273901621,0,103.566666666667,44.3670735860864,58.0183850757157,428.1559,1969.32456666667,NA,NA,NA,NA,NA,0.125667824589958,29.840325559179
"26",2025-06-05T09:42:19+00:00,2025-06-05T09:42:41+00:00,"REVEAL_FLIGHT","c412",2,11,"12/07/2025T08:46",1.014,0.06,0.156,0.021,0.009,0.002,0.04,0.007,0.008,NA,0.005,0.005,0.006,NA,NA,NA,NA,0.049,0.011,NA,NA,NA,NA,NA,0.002,0.002,NA,0.002,NA,9132.33277079264,53.208510752519,2.54264525299271,300.997299480438,0,226.915104707082,0.816666666666667,87.4,12.6382385874516,63.6610998195907,427.986066666667,1975.88823333333,NA,NA,NA,NA,NA,0.096816661009565,31.34451773266
"27",2025-06-05T09:52:06+00:00,2025-06-05T09:52:29+00:00,"REVEAL_FLIGHT","c412",2,12,"12/07/2025T09:56",0.968,0.085,0.167,0.032,0.008,0.002,0.032,0.008,0.012,NA,0.006,0.004,0.005,NA,NA,NA,NA,0.031,0.007,NA,NA,NA,NA,NA,0.004,NA,NA,NA,NA,9086.46657867432,53.3998234570026,1.08328379224986,301.098380184174,0,226.62130215168,0,137.160001373291,44.127141655758,68.46455337286,428.5691,1952.9412,NA,NA,NA,NA,NA,0.210869765684009,54.6330756098032
"28",2025-06-05T10:17:27+00:00,2025-06-05T10:17:49+00:00,"REVEAL_FLIGHT","c412",2,13,"12/07/2025T11:07",1.694,0.443,0.341,0.023,0.023,0.072,0.102,0.007,0.011,NA,0.006,0.012,0.024,0.002,NA,0.008,NA,0.229,0.025,NA,NA,NA,NA,NA,NA,NA,NA,0.002,NA,9026.86595611572,54.8757071137428,-1.57623139843345,301.224635410309,0,227.207737374306,0,118.329999923706,24.1419730225205,99.9078942024708,429.58825,1968.12275,NA,NA,NA,NA,NA,0.502260759472847,163.753900885582
"29",2025-06-05T10:19:05+00:00,2025-06-05T10:19:27+00:00,"REVEAL_FLIGHT","c412",2,14,"12/07/2025T12:17",1.751,0.428,0.343,0.025,0.023,0.072,0.104,0.008,0.015,NA,0.006,0.012,0.024,0.002,NA,0.009,NA,0.243,0.053,NA,0.003,NA,0.002,NA,0.002,NA,NA,NA,NA,9026.46437530518,55.0109500050545,-1.67751580346376,301.218417882919,0,227.279777526855,0,70.5290000915527,18.6978781051934,82.9320770260692,430.56935,1985.48585,NA,NA,NA,NA,NA,0.62184168407321,178.908637940884
"30",2025-06-05T10:20:28+00:00,2025-06-05T10:20:51+00:00,"REVEAL_FLIGHT","c412",2,15,"12/07/2025T13:27",1.692,0.39,0.328,0.036,0.022,0.067,0.098,0.012,0.019,NA,0.006,0.012,0.023,0.002,NA,0.009,NA,0.22,0.048,0.002,0.003,NA,0.003,NA,0.002,NA,NA,NA,NA,9024.83043924967,55.133524052302,-1.72065226634343,301.197217432658,0,227.248201608658,0,71.2019999186198,13.032996848921,75.5929155528545,430.430066666667,1984.04083333333,NA,NA,NA,NA,NA,0.578974403291941,173.122877240181
"31",2025-06-05T10:23:11+00:00,2025-06-05T10:23:34+00:00,"REVEAL_FLIGHT","c412",2,16,"12/07/2025T14:38",2.103,0.579,0.435,0.03,0.029,0.092,0.124,0.01,0.014,NA,0.006,0.015,0.033,0.002,NA,0.012,NA,0.31,0.051,NA,NA,NA,NA,NA,0.002,NA,NA,NA,NA,9023.39778747559,55.3754791200161,-1.77842157725245,301.169125986099,0,227.566765975952,0,73.7520004272461,27.461424986124,86.4979343432188,430.7098,1990.78935,NA,NA,NA,NA,NA,0.734046072661877,236.444895744324
"32",2025-06-05T10:38:14+00:00,2025-06-05T10:38:37+00:00,"REVEAL_FLIGHT","c412",3,2,"07/07/2025T13:28",2.673,1.118,0.581,0.083,0.035,0.123,0.146,0.016,0.018,NA,0.005,0.025,0.045,0.006,0.002,0.019,0.004,0.461,0.125,0.003,0.007,0.004,0.006,0.007,0.013,0.011,NA,0.006,NA,8987.61790618896,56.724846893549,-2.11404212489724,301.058463859558,0,227.296478891373,0,78.0790012359619,8.41612844929099,95.2285101127625,430.35365,2001.54515,NA,NA,NA,NA,NA,0.824412540346384,257.289612233639
"33",2025-06-05T10:40:49+00:00,2025-06-05T10:41:11+00:00,"REVEAL_FLIGHT","c412",3,3,"07/07/2025T14:39",3.326,1.747,0.749,0.128,0.044,0.158,0.177,0.021,0.013,NA,0.006,0.023,0.06,0.006,0.002,0.028,0.003,0.656,0.224,0.01,0.015,0.009,0.013,0.007,0.016,0.011,NA,0.008,0.002,8989.07510375977,56.8372348070145,-2.34650709107518,300.742824713389,0,226.878253634771,0,72.7320007324219,14.9307468355695,95.195590904355,431.448766666667,2017.90646666667,0.22804974,2.1288211,4.5276709,78.487183,1.051659,1.49961223109563,467.18171898524
"34",2025-06-05T10:52:17+00:00,2025-06-05T10:52:43+00:00,"REVEAL_FLIGHT","c412",3,4,"07/07/2025T15:49",0.138,0.111,0.017,0.024,NA,0.009,NA,0.007,0.011,NA,0.005,0.002,0.002,NA,NA,NA,NA,0.018,0.012,NA,0.004,NA,0.002,0.004,0.007,0.006,NA,0.003,NA,10227.7883544922,55.7428329070409,-2.17975569888949,250.306843042374,0,225.701969226201,0,449.046663411458,114.786923064731,142.30249965873,423.138158685446,1820.71411784038,NA,NA,NA,NA,NA,0.0169607236953452,19.6159335970879
"35",2025-06-05T11:01:54+00:00,2025-06-05T11:02:20+00:00,"REVEAL_FLIGHT","c412",3,5,"07/07/2025T16:59",0.157,0.107,0.024,0.018,0.003,0.01,NA,0.006,0.009,NA,0.004,0.002,0.005,NA,NA,0.003,0.002,0.021,0.025,0.002,0.008,0.004,0.005,0.004,0.008,0.006,NA,0.003,NA,10265.9933197021,54.7907543023427,-2.03065390661359,250.164956855774,0,225.655831575394,0,439.15,143.844779748917,130.197325745438,422.620266666667,1827.98563333333,0.0047160927,0.20890015,0.08552105,0.51306003,1.6757737,0.0397756720477094,24.125147541364
"36",2025-06-05T11:09:02+00:00,2025-06-05T11:09:29+00:00,"REVEAL_FLIGHT","c412",3,6,"07/07/2025T18:10",0.447,0.089,0.064,0.025,0.004,0.013,0.027,0.008,0.01,NA,0.005,0.002,0.003,NA,NA,NA,NA,0.031,0.01,NA,0.003,NA,0.003,0.003,0.005,0.005,NA,0.003,NA,10283.5648132324,54.0712038993835,-1.97927958685905,250.313245511055,0,225.305619096756,0,326.519998168945,155.619835948944,189.659718973637,425.54825,1880.3897,NA,NA,NA,NA,NA,0.226196011824068,72.3033375144005
"37",2025-06-05T11:12:22+00:00,2025-06-05T11:12:49+00:00,"REVEAL_FLIGHT","c412",3,7,"07/07/2025T19:20",1.548,0.46,0.317,0.036,0.021,0.065,0.099,0.013,0.017,NA,0.006,0.011,0.022,0.002,NA,0.009,NA,0.225,0.051,0.002,0.005,0.002,0.004,0.003,0.005,0.005,NA,0.005,NA,10295.1116073608,53.7384998440742,-1.96832385975868,250.371195745468,0,224.29263343811,0,149.109999847412,484.924017212987,341.982772415791,430.00595,1957.06005,NA,NA,NA,NA,NA,1.25736782541871,321.550454258919
"38",2025-06-05T11:14:02+00:00,2025-06-05T11:14:29+00:00,"REVEAL_FLIGHT","c412",3,8,"07/07/2025T20:31",0.669,0.148,0.117,0.019,0.007,0.023,0.045,0.006,0.009,NA,0.005,0.004,0.008,NA,NA,0.004,NA,0.077,0.027,0.002,0.007,0.003,0.005,0.003,0.007,0.005,NA,0.003,NA,10308.8887039185,53.5715240299702,-1.96284647639841,250.210093331337,0,225.844163179398,0,349.350003051758,204.713241233826,189.320754019618,424.6042,1865.55505,NA,NA,NA,NA,NA,0.315246202453971,123.188166320324
"39",2025-06-05T11:16:07+00:00,2025-06-05T11:16:34+00:00,"REVEAL_FLIGHT","c412",3,9,"08/07/2025T01:10",0.671,0.163,0.112,0.053,0.006,0.022,0.041,0.015,0.016,NA,0.005,0.005,0.007,NA,NA,0.003,NA,0.063,0.022,NA,0.004,0.003,0.004,0.006,0.008,0.009,NA,0.006,NA,10314.9923573812,53.3626011411349,-1.96555049183468,250.201948324839,0,224.940189599991,0,324.51333211263,171.52723294576,159.314469786175,425.199466666667,1880.57736666667,NA,NA,NA,NA,NA,0.363510787074765,95.6889435251554
"40",2025-06-05T14:44:26+00:00,2025-06-05T14:44:49+00:00,"REVEAL_FLIGHT","c413",3,10,"08/07/2025T02:20",0.934,0.103,0.131,0.032,0.007,0.02,0.043,0.014,0.014,NA,0.005,0.004,0.005,NA,NA,0.002,NA,0.069,0.032,0.002,0.007,0.003,0.006,0.006,0.013,0.009,NA,0.006,NA,9127.38443756104,53.4193568527699,-1.9637571785599,301.020475006104,0,227.236574029922,0,68.9770011901855,11.8941210733354,31.3975499749184,429.5876,1966.33555,NA,NA,NA,NA,NA,0.242632676418871,54.8049389719963
"41",2025-06-05T14:48:10+00:00,2025-06-05T14:48:32+00:00,"REVEAL_FLIGHT","c413",3,11,"08/07/2025T03:31",0.789,0.086,0.113,0.027,0.006,0.016,0.034,0.008,0.006,NA,0.006,0.003,0.004,NA,NA,NA,NA,0.041,0.012,NA,NA,NA,NA,0.003,0.006,0.004,NA,0.002,NA,9102.06599324544,53.7999972860018,-1.96923488713801,301.244149780273,0,227.038891347249,0,168.059998575846,45.4139789462835,59.4004191387693,428.024366666667,1935.96533333333,NA,NA,NA,NA,NA,0.151681116693343,42.4989079187314
"42",2025-06-05T14:51:30+00:00,2025-06-05T14:51:53+00:00,"REVEAL_FLIGHT","c413",3,12,"08/07/2025T04:41",0.711,0.109,0.109,0.039,0.006,0.017,0.022,0.012,0.011,NA,0.006,0.003,0.004,NA,NA,0.002,NA,0.023,0.01,NA,0.002,NA,NA,0.002,0.003,0.003,NA,0.005,NA,9096.46337280273,54.1343770901362,-1.97907028769453,300.931890678406,0,226.552077722549,0,210.58666788737,63.938059035937,121.618429011504,427.3651,1929.6445,NA,NA,NA,NA,NA,0.0804310312289745,29.5580994337797
"43",2025-06-05T14:58:20+00:00,2025-06-05T14:58:43+00:00,"REVEAL_FLIGHT","c413",3,13,"08/07/2025T05:52",2.818,1.35,0.625,0.105,0.036,0.132,0.155,0.019,0.02,0.002,0.007,0.017,0.048,0.004,NA,0.022,NA,0.518,0.127,0.002,0.004,0.002,0.004,NA,0.003,0.003,NA,0.006,NA,9073.46006266276,54.8628086050351,-2.04139944985509,301.115790462494,0,226.724515024821,0,78.6636665344238,8.92867675930262,47.4963395897547,431.690333333333,2008.5218,NA,NA,NA,NA,NA,1.39281645985444,409.847927570343
"44",2025-06-05T15:07:12+00:00,2025-06-05T15:07:34+00:00,"REVEAL_FLIGHT","c413",3,14,"08/07/2025T07:02",2.978,1.376,0.666,0.103,0.04,0.139,0.162,0.019,0.014,NA,0.006,0.018,0.052,0.005,0.002,0.024,NA,0.565,0.177,0.007,0.009,0.005,0.009,0.003,0.008,0.004,NA,0.008,0.002,9045.673777771,55.796359962225,-2.18821356296539,301.046626424789,0,227.551500296593,0,82.6859996795654,22.571532509923,104.37828256011,432.66145,2014.3929,NA,NA,NA,NA,NA,1.29621063357592,411.953046798706
"45",2025-06-05T15:27:48+00:00,2025-06-05T15:28:14+00:00,"REVEAL_FLIGHT","c413",3,15,"08/07/2025T08:12",0.698,0.14,0.122,0.036,NA,0.026,0.043,0.011,0.014,NA,0.004,0.005,0.008,NA,NA,0.004,NA,0.091,0.022,NA,0.002,NA,0.002,NA,0.002,0.002,NA,0.005,NA,10248.3866475423,56.070946041743,-2.21342300449808,250.128986152013,0,223.38637398084,0,309.903331502279,161.792337633769,166.435390927394,426.916033333333,1888.66846666667,0.058992401,0.5932669,1.0752603,11.265469,2.3008931,0.292739491186726,84.5631929238637
"46",2025-06-05T16:05:12+00:00,2025-06-05T16:05:39+00:00,"REVEAL_FLIGHT","c413",4,1,"15/07/2025T14:54",0.408,0.076,0.052,0.015,0.003,0.011,0.019,0.004,0.006,NA,NA,NA,NA,NA,NA,NA,NA,0.024,0.019,NA,NA,NA,0.002,NA,0.017,NA,NA,NA,NA,10383.65652771,52.9289785683155,1.43081679753959,250.372517061234,0,222.818383955956,0,340.325,194.75696811676,134.824809910059,425.8768,1874.2051,NA,NA,NA,NA,NA,0.169933742471039,50.3573679775
"47",2025-06-05T16:09:11+00:00,2025-06-05T16:09:37+00:00,"REVEAL_FLIGHT","c413",4,2,"15/07/2025T16:04",0.304,0.113,0.041,0.033,0.002,0.012,0.013,0.012,0.011,NA,NA,0.002,0.004,NA,NA,0.003,NA,0.016,0.013,NA,0.002,NA,0.002,NA,0.003,0.002,NA,NA,NA,10397.1136398315,52.8278216362,2.25856855250895,250.181747746468,0,223.887562417984,0,383.879998779297,221.779753990173,180.649110745341,424.8483,1855.03585,NA,NA,NA,NA,NA,0.071598901104182,48.6366732120514
"48",2025-06-05T16:16:47+00:00,2025-06-05T16:17:14+00:00,"REVEAL_FLIGHT","c413",4,3,"15/07/2025T17:14",0.294,0.114,0.034,0.022,0.002,0.002,0.008,0.005,0.007,NA,NA,0.003,0.003,NA,NA,NA,NA,0.008,0.008,NA,NA,NA,NA,NA,0.002,NA,NA,NA,NA,10381.857019043,53.2090309381485,2.53172179038326,250.165412648519,0,223.724689356486,0,365.013331095378,127.594527117411,97.3315421537558,425.972,1863.10453333333,-0.0082902815,0.13255098,0.1202839,0.4661763,1.5337368,0.0300632762238383,23.3949247101943
"49",2025-06-05T16:27:06+00:00,2025-06-05T16:27:33+00:00,"REVEAL_FLIGHT","c413",4,4,"15/07/2025T18:25",0.203,0.093,0.024,0.023,0.002,0.002,NA,0.005,0.009,NA,NA,NA,0.002,NA,NA,NA,NA,0.01,0.004,NA,NA,NA,NA,NA,NA,NA,NA,NA,NA,10363.3835194906,53.400740202268,1.07641798903545,250.268102566401,0,223.464613723755,0,410.646670532227,119.77888566335,140.77535549129,425.1636,1842.09976666667,NA,NA,NA,NA,NA,0.032760613180697,28.5031020343304
"50",2025-06-11T09:36:35+00:00,2025-06-11T09:36:57+00:00,"REVEAL_FLIGHT","c415",4,5,"15/07/2025T19:35",0.785,0.085,0.133,0.033,0.007,0.002,0.016,0.013,0.014,NA,NA,0.02,0.004,0.003,NA,0.002,0.014,0.044,0.042,NA,0.005,0.002,0.002,NA,0.002,NA,NA,NA,NA,9526.17122802734,52.9236661672592,1.47427650336176,301.087508535385,0,233.092907094955,0,99.4450004577637,50.4013380656019,60.5550226937979,429.31435,1955.58135,NA,NA,NA,NA,NA,0.0221830108137801,13.5827368497849
"51",2025-06-11T09:41:21+00:00,2025-06-11T09:41:43+00:00,"REVEAL_FLIGHT","c415",4,6,"15/07/2025T20:46",0.945,0.091,0.192,0.029,0.012,0.002,0.019,0.014,0.014,NA,NA,0.021,0.006,0.002,NA,0.003,0.014,0.045,0.053,0.002,0.01,0.004,0.007,NA,0.002,NA,NA,NA,NA,9530.58197681104,52.8312200023276,2.26611825257633,301.126378965378,0,233.468553972244,0,90.6645008087158,42.3271434879862,64.1742466579191,429.67905,1965.81095,NA,NA,NA,NA,NA,0.0193785438095219,13.7099439129233
"52",2025-06-11T09:49:28+00:00,2025-06-11T09:49:51+00:00,"REVEAL_FLIGHT","c415",4,7,"15/07/2025T21:56",1.035,0.059,0.204,0.022,0.002,0.029,0.021,0.035,0.556,1.41,0.155,0.056,NA,0.002,NA,0.002,0.013,0.096,0.141,NA,0.007,0.002,NA,NA,0.002,NA,NA,NA,0.402,9526.01700352078,53.2075864440969,2.53470490423567,301.045904127757,0,233.393940162659,0,70.7286682128906,32.2900436321894,48.9879693437616,429.802433333333,1972.97023333333,NA,NA,NA,NA,NA,0.0112292016533514,7.77087944249312
"53",2025-06-11T09:59:27+00:00,2025-06-11T09:59:49+00:00,"REVEAL_FLIGHT","c415",4,8,"15/07/2025T23:07",0.943,0.078,0.178,0.024,0.011,0.028,0.019,0.008,0.008,NA,NA,0.022,0.005,0.002,NA,0.002,0.011,0.029,0.02,NA,NA,NA,NA,NA,NA,NA,NA,NA,NA,9517.44165649414,53.4064321994781,1.03168596979231,301.034959077835,0,232.967935657501,0,77.118000793457,37.8228563094977,39.5088744958242,429.6493,1967.91725,NA,NA,NA,NA,NA,0.0135777226397768,6.53968258202076
"54",2025-06-11T10:23:43+00:00,2025-06-11T10:24:06+00:00,"REVEAL_FLIGHT","c415",4,9,"16/07/2025T02:36",0.937,0.083,0.145,0.028,0.009,0.024,0.018,0.012,0.014,NA,0.006,0.01,0.005,NA,NA,0.002,0.007,0.032,0.036,NA,0.01,0.004,0.007,0.004,0.01,0.006,NA,NA,NA,9491.24083404541,54.9321016073227,-1.61842068452388,301.0986348629,0,233.406784939766,0,65.1874984741211,44.3220318631083,-5.76742974281311,429.47825,1969.1409,NA,NA,NA,NA,NA,0.0117125436048955,5.32900929450989
"55",2025-06-11T10:36:20+00:00,2025-06-11T10:36:43+00:00,"REVEAL_FLIGHT","c415",4,10,"16/07/2025T03:47",0.915,0.097,0.135,0.055,0.01,0.026,0.017,0.018,0.025,NA,0.006,0.013,0.008,0.002,NA,0.004,0.008,0.141,0.043,0.002,0.012,0.005,0.008,0.004,0.013,0.006,NA,NA,NA,10696.9116699219,56.1826653997103,-1.97626232715944,250.263850879669,0,222.783842468262,0,60.1336672465007,63.5718516935408,73.1365224176645,429.627233333333,1968.08323333333,NA,NA,NA,NA,NA,0.0310490802448864,10.0731082558632
"56",2025-06-11T10:59:22+00:00,2025-06-11T10:59:49+00:00,"REVEAL_FLIGHT","c415",4,11,"16/07/2025T04:57",1.052,0.109,0.177,0.04,0.004,0.035,0.021,0.014,0.02,NA,NA,NA,NA,NA,NA,0.003,0.007,0.055,NA,NA,NA,NA,NA,0.003,0.008,0.003,NA,NA,NA,10705.8178542565,55.7372981164149,-2.17911879919166,250.217993426323,0,222.585202026367,0,83.9179992675781,98.2592876881361,106.679999559745,430.06085,1973.6458,NA,NA,NA,NA,NA,0.0272715222979896,14.3511866629124
"57",2025-06-11T11:09:07+00:00,2025-06-11T11:09:34+00:00,"REVEAL_FLIGHT","c415",4,12,"16/07/2025T06:08",0.598,0.101,0.057,0.05,0.004,0.012,0.013,0.017,0.03,NA,0.005,0.007,0.004,NA,NA,0.002,0.007,0.027,0.027,NA,0.009,0.003,0.006,0.002,0.007,0.003,NA,NA,NA,10711.7393544515,54.8106820940971,-2.03357559988896,250.326904726028,0,222.533106422424,0,132.470002746582,136.536855372588,94.0986200785264,429.720633333333,1936.12673333333,NA,NA,NA,NA,NA,0.0519705348204201,24.5734352469444
"58",2025-06-11T11:18:25+00:00,2025-06-11T11:18:51+00:00,"REVEAL_FLIGHT","c415",4,13,"16/07/2025T07:18",1.053,0.099,0.137,0.043,0.008,0.024,0.017,0.014,0.023,NA,0.005,0.006,0.005,NA,NA,0.002,0.006,0.027,0.029,NA,0.006,NA,0.004,NA,0.003,NA,NA,NA,NA,10728.5092115253,53.9063781291838,-1.97397437252595,250.199682760239,0,222.216367228826,0,117.946667480469,116.06776459376,137.797097831964,429.480266666667,1968.00486666667,NA,NA,NA,NA,NA,0.0324169778684154,19.030132373174
"59",2025-06-11T11:20:47+00:00,2025-06-11T11:21:13+00:00,"REVEAL_FLIGHT","c415",4,14,"16/07/2025T08:28",0.874,0.096,0.106,0.039,0.002,0.023,0.017,0.014,0.018,NA,0.006,0.008,0.005,NA,NA,0.002,0.006,0.024,0.021,NA,0.003,NA,NA,NA,NA,NA,NA,NA,NA,10730.5358632406,53.6770529786746,-1.96625632333259,250.253870662053,0,223.118993822734,0,140.560000610352,57.3659390672048,163.98141113922,429.935833333333,1951.0223,NA,NA,NA,NA,NA,0.0367757143449659,21.9453132450581
"60",2025-06-11T11:23:53+00:00,2025-06-11T11:24:20+00:00,"REVEAL_FLIGHT","c415",4,15,"16/07/2025T09:39",0.809,0.094,0.104,0.044,0.002,0.026,0.016,0.015,0.018,NA,0.005,0.008,0.006,NA,NA,0.003,0.006,0.028,0.03,NA,0.008,0.004,0.005,0.002,0.008,0.003,NA,NA,NA,10739.2304036458,53.3664869387945,-1.96547776088119,250.215102020899,0,223.600111850103,0,173.730001322428,84.5794552147388,123.800579334224,429.628133333333,1936.81663333333,NA,NA,NA,NA,NA,0.040718836835896,24.4271230598291
"61",2025-06-11T14:34:13+00:00,2025-06-11T14:34:24+00:00,"REVEAL_FLIGHT","c416",4,16,"16/07/2025T10:49",0.694,0.114,0.061,0.045,0.006,0.022,0.017,0.016,0.014,NA,0.005,0.006,0.004,NA,NA,0.002,0.004,0.028,0.019,NA,0.002,NA,NA,NA,0.002,NA,NA,NA,NA,9515.68706970215,53.4144151568413,-1.96373616345227,301.094375228882,0,232.269068670273,0,146.879998779297,16.9210620045662,50.6639002561569,NA,NA,NA,NA,NA,NA,NA,0.0468032354786992,26.9238366484642
"62",2025-06-11T14:37:56+00:00,2025-06-11T14:38:20+00:00,"REVEAL_FLIGHT","c416",7,1,"20/07/2025T02:35",0.845,0.08,0.14,0.038,0.008,0.02,0.02,0.012,0.025,NA,0.006,0.006,0.005,NA,NA,0.002,0.004,0.033,0.034,0.002,0.01,0.007,0.007,0.005,0.013,0.009,NA,NA,NA,9513.49287109375,53.7981280088425,-1.96927408725023,300.897619628906,0,232.173455095291,0,104.920000712077,63.8429744629779,61.816023769925,428.887033333333,1971.6816,NA,NA,NA,NA,NA,0.0277434904295951,12.5827476382256
"63",2025-06-11T14:44:48+00:00,2025-06-11T14:45:10+00:00,"REVEAL_FLIGHT","c416",7,2,"20/07/2025T03:45",1.368,0.082,0.315,NA,0.015,0.036,0.015,0.009,0.015,0.002,0.006,0.006,0.007,NA,NA,0.003,0.004,0.03,0.032,NA,0.008,0.005,0.006,0.004,0.011,0.005,NA,NA,NA,9500.89951427942,54.4836410634321,-1.99264370935153,300.934385681152,0,232.871175559362,0,100.759999084473,34.2711056143045,27.5750154525042,428.7833,1967.0069,NA,NA,NA,NA,NA,0.0179716059360653,8.24861032764117
"64",2025-06-11T14:47:58+00:00,2025-06-11T14:48:22+00:00,"REVEAL_FLIGHT","c416",7,3,"20/07/2025T04:56",0.652,0.1,0.093,0.038,0.004,0.013,0.013,0.011,0.017,NA,0.006,0.004,0.003,NA,NA,0.002,0.004,0.023,0.032,NA,0.007,0.007,0.005,0.003,0.011,0.005,NA,NA,NA,9491.08872375488,54.7982831120491,-2.03128248204788,301.010094292959,0,232.000487089157,0,111.673334248861,45.6129577715198,38.2399119080727,429.549266666667,1942.0831,NA,NA,NA,NA,NA,0.0332576827676967,13.1156033376853
"65",2025-06-11T14:57:54+00:00,2025-06-11T14:58:17+00:00,"REVEAL_FLIGHT","c416",7,4,"20/07/2025T06:06",0.874,0.091,0.151,0.035,0.009,0.002,0.016,0.011,0.017,NA,0.006,0.005,0.005,NA,NA,0.002,0.003,0.029,0.032,NA,0.007,0.005,0.005,0.003,0.01,0.004,NA,NA,NA,9478.89641113281,55.7809583246708,-2.18581963144243,300.954534244537,0,231.124711275101,0,66.3010013580322,1.02403506711125,-5.70640024095774,429.2097,1962.7753,NA,NA,NA,NA,NA,0.031807761608623,4.70603734254837
"66",2025-06-11T15:15:40+00:00,2025-06-11T15:16:03+00:00,"REVEAL_FLIGHT","c416",7,5,"20/07/2025T07:16",0.654,0.122,0.102,0.058,0.003,0.019,0.013,0.018,0.022,NA,0.005,0.005,0.008,NA,NA,0.005,0.003,0.068,0.035,NA,0.007,0.008,0.005,0.002,0.008,0.006,NA,NA,NA,10705.5927515331,56.0219246025494,-2.25372204085814,250.083106915156,0,222.179495509466,0,117.326667277018,176.391240984599,-36.4083720752597,429.2231,1939.35366666667,NA,NA,NA,NA,NA,0.0448607905625055,23.9650843640168
"67",2025-06-11T15:28:23+00:00,2025-06-11T15:28:54+00:00,"REVEAL_FLIGHT","c416",7,6,"20/07/2025T08:27",1.131,0.11,0.221,0.041,0.011,0.022,0.014,0.013,0.021,NA,0.005,0.004,0.004,NA,NA,0.002,0.003,0.042,0.027,NA,0.007,0.006,0.004,0.002,0.008,0.004,NA,NA,NA,10726.8332265218,54.8202008803686,-1.5352445838352,250.131277656555,0,222.783837445577,0,113.840000152588,100.831192264557,35.117669429779,428.9098,1971.61033333333,NA,NA,NA,NA,NA,0.0224844361344973,9.22301022211711
"68",2025-06-11T15:53:19+00:00,2025-06-11T15:53:50+00:00,"REVEAL_FLIGHT","c416",7,7,"20/07/2025T09:37",0.694,0.099,0.13,0.035,0.013,0.035,0.017,0.011,0.015,NA,0.005,0.007,0.007,NA,NA,0.003,0.003,0.024,0.024,NA,0.006,0.005,0.004,0.002,0.007,0.002,NA,NA,NA,10772.8162841462,52.9280853150407,1.43576535078023,250.058331954479,0,223.952887403965,0,152.700001525879,253.600544338226,12.8562697577477,428.86255,1938.246875,NA,NA,NA,NA,NA,0.036267399400007,17.0843467414379
"69",2025-06-11T15:57:33+00:00,2025-06-11T15:58:04+00:00,"REVEAL_FLIGHT","c416",7,8,"20/07/2025T10:48",0.706,0.115,0.145,0.066,0.021,0.054,0.02,0.013,0.023,0.002,0.005,0.008,0.009,0.002,0.002,0.004,0.003,0.026,0.021,NA,0.005,0.002,0.003,NA,0.003,NA,NA,NA,NA,10777.9963022868,52.8290411273638,2.24843483567238,250.068001476924,0,224.234232934316,0,94.4159993489583,370.602053222656,89.4165389172236,428.578333333333,1961.97273333333,NA,NA,NA,NA,NA,0.0149008343713358,14.3556537528833
"70",2025-06-11T16:05:28+00:00,2025-06-11T16:05:59+00:00,"REVEAL_FLIGHT","c416",7,9,"20/07/2025T15:27",0.695,0.105,0.133,0.033,0.002,0.032,0.017,0.01,0.013,NA,0.005,0.006,0.006,NA,NA,0.003,0.002,0.023,0.021,NA,0.006,0.005,0.004,0.004,0.009,0.006,NA,NA,NA,10768.3293568929,53.2082954208056,2.53354303489129,250.074890359243,0,224.042899211248,0,173.226665242513,175.008536195755,55.7194194597006,428.894866666667,1931.7696,NA,NA,NA,NA,NA,0.0507865507084255,16.8211888472239
"71",2025-06-11T16:15:31+00:00,2025-06-11T16:16:01+00:00,"REVEAL_FLIGHT","c416",7,10,"20/07/2025T16:38",0.669,0.114,0.13,0.033,0.008,0.02,0.015,0.009,0.013,NA,0.005,0.004,0.005,NA,NA,0.003,0.002,0.02,0.024,NA,0.005,0.007,0.005,0.002,0.008,0.004,NA,NA,NA,10759.2167470296,53.403058497111,1.05801975242794,250.145961856842,0,223.878818003337,0,218.579999796549,124.937404378255,13.640132437547,428.5255,1918.332,NA,NA,NA,NA,NA,0.0419715836488952,21.6213735938072
"72",2025-06-12T10:26:51+00:00,2025-06-12T10:27:14+00:00,"REVEAL_FLIGHT","c417",7,11,"20/07/2025T17:48",0.754,0.101,0.112,0.052,0.013,0.052,0.014,0.019,0.04,0.002,NA,0.005,0.007,NA,NA,0.004,0.002,0.033,0.024,NA,0.008,0.004,0.005,0.002,0.007,0.003,NA,NA,NA,9549.94893951416,52.934489107132,1.38313170708716,301.115292787552,0,234.608949899673,0,63.4759994506836,86.2728191813827,57.0872001224756,430.51805,1955.28305,-0.0038069421,0.39800557,0.061066516,-0.16573782,0.02847236,0.0173332303296775,16.9315114021301
"73",2025-06-12T10:32:14+00:00,2025-06-12T10:32:36+00:00,"REVEAL_FLIGHT","c417",7,12,"20/07/2025T18:58",0.745,0.077,0.114,0.029,0.017,0.057,0.014,0.013,0.015,0.003,0.005,0.006,0.008,NA,NA,0.005,NA,0.03,0.023,NA,0.008,0.006,0.005,0.003,0.009,0.004,NA,NA,NA,9560.49813537598,52.8367145478725,2.18702303282917,301.101650047302,0,234.320327115059,0,60.4995000839233,13.9406089702249,66.0513255238533,430.29005,1955.7744,NA,NA,NA,NA,NA,0.00867845909437165,10.7036790847778
"74",2025-06-12T10:40:31+00:00,2025-06-12T10:40:54+00:00,"REVEAL_FLIGHT","c417",7,13,"20/07/2025T20:09",0.751,0.081,0.109,0.034,0.014,0.051,0.014,0.013,0.016,NA,0.006,0.005,0.004,NA,NA,0.002,NA,0.024,0.022,NA,0.007,0.004,0.005,0.003,0.008,0.003,NA,NA,NA,9567.32593383789,53.1970378994942,2.56783273369074,301.03588013649,0,233.895460772514,0,61.3485004425049,31.44537555933,7.36429492115974,429.76405,1955.72405,NA,NA,NA,NA,NA,0.0237126093260013,8.08213731646538
"75",2025-06-12T10:49:22+00:00,2025-06-12T10:49:44+00:00,"REVEAL_FLIGHT","c417",7,14,"20/07/2025T21:19",0.744,0.075,0.106,0.029,0.013,0.055,0.014,0.012,0.017,NA,0.005,0.005,0.004,NA,NA,NA,NA,0.024,0.021,NA,0.007,0.004,0.003,0.002,0.007,0.003,0.191,NA,NA,9547.60202484131,53.3852017343044,1.10561430510133,301.123647975922,0,234.686200237274,0,63.3379985809326,65.380951423645,40.8290589118004,429.587,1955.20385,NA,NA,NA,NA,NA,0.00970510617084801,10.6894450187683
"76",2025-06-12T11:06:23+00:00,2025-06-12T11:06:46+00:00,"REVEAL_FLIGHT","c417",7,15,"20/07/2025T22:30",0.716,0.082,0.098,0.033,0.002,0.033,0.014,0.01,0.015,NA,0.005,0.006,0.005,NA,NA,0.002,NA,0.022,0.025,NA,0.006,0.005,0.005,0.002,0.008,0.003,NA,NA,NA,9829.92390289307,54.3459930002689,-1.18778284769505,287.798075866699,0,231.557669782639,2.8375,56.4654998779297,28.9639860999584,3.95461328769103,NA,NA,NA,NA,NA,NA,NA,0.018250943498686,6.57322496175766
"77",2025-06-12T11:11:25+00:00,2025-06-12T11:11:47+00:00,"REVEAL_FLIGHT","c417",7,16,"20/07/2025T23:40",0.729,0.092,0.105,0.036,0.011,0.03,0.011,0.011,0.017,NA,0.005,0.004,0.005,NA,NA,0.002,NA,0.019,0.027,NA,0.006,0.006,0.005,0.002,0.009,0.003,NA,NA,NA,9832.63396453857,54.8459016501904,-1.55402881260961,287.586332273483,0,231.532191061974,4,56.7109998703003,29.8177089909557,-8.4023336699605,429.5192,1951.24945,NA,NA,NA,NA,NA,0.026680717155803,9.95549702644348
"78",2025-06-12T11:39:28+00:00,2025-06-12T11:39:53+00:00,"REVEAL_FLIGHT","c417",8,1,"12/07/2025T19:17",0.756,0.106,0.111,0.051,0.012,0.036,0.013,0.017,0.022,NA,0.005,0.005,0.006,NA,NA,0.002,NA,0.029,0.028,0.002,0.007,0.004,0.005,NA,0.01,0.007,NA,NA,NA,10750.4970916748,55.774598578612,-2.18535540898641,250.269379838308,0,223.437952693303,0,59.4,68.8074681629737,-25.67467972368,429.650666666667,1953.89553333333,NA,NA,NA,NA,NA,0.0198201438536247,9.78948410352071
"79",2025-06-12T11:50:04+00:00,2025-06-12T11:50:30+00:00,"REVEAL_FLIGHT","c417",8,2,"12/07/2025T20:28",0.72,0.107,0.101,0.046,0.002,0.032,0.014,0.013,0.019,NA,0.006,0.006,0.005,NA,NA,0.002,NA,0.026,0.026,NA,0.007,0.005,0.005,0.004,0.009,0.004,NA,NA,NA,10749.7867665609,54.8189201076825,-2.03485728378097,250.233577330907,0,223.372196722031,0,60.9560001373291,98.0803868897756,-4.1870708963275,428.691166666667,1954.78776666667,0.012199219,0.11188418,-0.020759765,0.37774834,0.060419757,0.0221970628028115,9.18590561548869
"80",2025-06-12T11:58:01+00:00,2025-06-12T11:58:27+00:00,"REVEAL_FLIGHT","c417",8,3,"12/07/2025T21:38",0.746,0.084,0.115,0.039,0.009,0.026,0.013,0.012,0.021,NA,0.006,0.004,0.004,NA,NA,0.002,NA,0.024,0.026,NA,0.007,0.003,0.004,0.002,0.007,0.003,NA,NA,NA,10746.1248840332,54.103703725338,-1.98047952596098,250.280475234985,0,223.383694410324,0,70.775,43.8896070013444,-47.8529830773671,428.89835,1954.2145,NA,NA,NA,NA,NA,0.0269165162099525,14.057666093111
"81",2025-06-12T12:01:31+00:00,2025-06-12T12:01:56+00:00,"REVEAL_FLIGHT","c417",8,4,"12/07/2025T22:48",0.761,0.104,0.114,0.044,NA,0.002,0.011,0.014,0.02,NA,0.006,0.003,0.005,NA,NA,0.002,NA,0.023,0.023,NA,0.006,0.003,0.004,0.002,0.007,0.002,NA,NA,NA,10744.1556213379,53.7840315520763,-1.96989739965647,250.199465584755,0,223.748696303368,0,74.0324989318848,266.756850278378,135.753776923046,429.2874,1952.6037,NA,NA,NA,NA,NA,0.0257973766420037,10.8662440478802
"82",2025-06-12T12:04:20+00:00,2025-06-12T12:04:46+00:00,"REVEAL_FLIGHT","c417",8,5,"12/07/2025T23:59",0.743,0.113,0.112,0.069,0.008,0.002,0.012,0.013,0.031,0.061,0.005,0.003,NA,NA,NA,0.301,NA,0.018,0.018,NA,0.004,NA,NA,NA,NA,0.002,NA,NA,NA,10736.2506204284,53.5330774751701,-1.96162429212154,250.252557690938,0,223.7849208196,0,70.369332631429,35.62500635614,-57.9328450945516,429.485533333333,1951.02773333333,NA,NA,NA,NA,NA,0.0405288074345638,13.3421544035276
"83",2025-06-12T12:06:03+00:00,2025-06-12T12:06:28+00:00,"REVEAL_FLIGHT","c417",8,6,"13/07/2025T01:09",0.742,0.106,0.109,0.045,0.01,0.023,0.011,0.014,0.019,NA,NA,0.004,0.005,NA,NA,0.003,NA,0.02,0.024,NA,0.006,0.004,0.004,0.002,0.007,0.003,NA,NA,NA,10730.836555481,53.3757557153702,-1.96504722833633,250.289335608482,0,223.757796406746,0,67.317501449585,40.4591253697872,-48.3585710352659,429.52665,1950.8634,0.0092782816,-0.019150542,-0.0054290118,0.19392751,0.0064589754,0.0412165597067215,14.6481237709522
"84",2025-06-12T15:50:02+00:00,2025-06-12T15:50:25+00:00,"REVEAL_FLIGHT","c418",8,7,"13/07/2025T02:20",0.567,0.135,0.074,0.053,0.004,0.002,0.01,0.017,0.019,NA,NA,0.003,0.004,NA,NA,0.002,NA,0.02,0.032,NA,0.007,0.006,0.004,0.002,0.008,0.003,NA,NA,NA,9524.05428009033,52.9357609987259,1.37044788170606,301.030753326416,0,233.184452676773,0,50.0080001831055,1.71742292553186,19.6857627756521,429.1362,1947.67935,NA,NA,NA,NA,NA,0.0101275733979419,6.48286586254835
"85",2025-06-12T15:54:22+00:00,2025-06-12T15:54:45+00:00,"REVEAL_FLIGHT","c418",8,8,"13/07/2025T03:30",0.627,0.095,0.086,0.038,0.002,0.015,0.012,0.015,0.018,NA,0.006,0.003,0.003,NA,NA,NA,NA,0.024,0.03,NA,0.006,0.004,0.005,0.002,0.007,0.002,NA,NA,NA,9543.52465743779,52.8512631778059,2.07131437373386,301.043174505234,0,233.445856046677,0,60.0405002593994,3.02863804876804,45.1585437908769,428.72805,1952.0887,NA,NA,NA,NA,NA,0.0120745593160391,6.20644396543503
"86",2025-06-12T16:02:55+00:00,2025-06-12T16:03:17+00:00,"REVEAL_FLIGHT","c418",8,9,"13/07/2025T08:10",0.811,0.137,0.136,0.072,0.002,0.026,0.018,0.017,0.023,NA,0.005,0.004,0.005,NA,NA,0.002,NA,0.023,0.026,NA,0.006,0.006,0.004,0.004,0.009,0.005,NA,NA,NA,9556.13480224609,53.1935346841812,2.62271304503083,300.95652179718,0,234.23517177105,0,97.1040008544922,108.846580848694,108.060622025728,428.63265,1960.6597,0.0209768,0.38844866,-0.010952321,-0.18520723,0.028377259,0.0503930256147869,14.371600151062
"87",2025-06-12T16:11:58+00:00,2025-06-12T16:12:21+00:00,"REVEAL_FLIGHT","c418",8,10,"13/07/2025T09:20",0.744,0.106,0.114,0.047,0.007,0.022,0.018,0.017,0.02,NA,0.005,0.004,0.004,NA,NA,0.002,NA,0.056,0.029,0.002,0.006,NA,0.005,0.003,0.008,0.004,NA,NA,NA,10610.235743412,53.388027147315,1.08365834618811,255.518611510595,0,225.803701019287,0,111.953333536784,103.647093502978,54.3743787055214,429.280266666667,1960.13483333333,0.014459529,0.17843014,0.064944915,0.23097397,-0.015783694,0.0362864027839775,13.4977330863476
"88",2025-06-12T16:14:51+00:00,2025-06-12T16:15:16+00:00,"REVEAL_FLIGHT","c418",8,11,"13/07/2025T10:30",0.736,0.117,0.134,0.033,0.002,0.026,0.017,0.011,0.011,NA,0.005,0.005,0.006,NA,NA,0.003,NA,0.069,0.029,NA,0.006,0.006,0.004,0.002,0.008,0.004,NA,NA,NA,10729.4089859009,53.4429280221462,0.584092867746949,250.347561573982,0,224.224838256836,0,179.354998016357,101.320404071808,103.024053658247,427.09915,1938.839,0.0095050344,-0.24592014,0.081079617,0.30380288,0.019148584,0.0258334642350674,19.4542188793421
"89",2025-06-12T16:23:27+00:00,2025-06-12T16:23:53+00:00,"REVEAL_FLIGHT","c418",8,12,"13/07/2025T11:41",0.829,0.094,0.156,0.037,0.01,0.031,0.018,0.012,0.016,NA,0.005,0.005,0.006,NA,NA,0.002,NA,0.052,0.024,NA,0.006,0.004,0.004,0.002,0.007,0.003,NA,NA,NA,10753.6149424235,52.9447038412094,1.29902276818951,250.195662577947,0,223.433961979548,0,140.766668701172,61.7004719291627,94.4909929659217,428.225533333333,1952.9036,NA,NA,NA,NA,NA,0.0309967561705659,14.156925757726
"90",2025-06-12T16:28:36+00:00,2025-06-12T16:29:01+00:00,"REVEAL_FLIGHT","c418",8,13,"13/07/2025T12:51",0.718,0.086,0.114,0.036,0.007,0.002,0.017,0.012,0.017,NA,0.005,0.004,0.004,NA,NA,0.002,NA,0.042,0.027,NA,0.006,0.005,0.005,0.002,0.006,0.003,NA,NA,NA,10777.81728007,52.8447370409966,2.12241155530016,250.217246691386,0,224.118589448929,0,109.109999084473,127.44855430603,105.025954885483,430.0378,1961.33663333333,0.007214848,0.033608336,0.081129104,-0.015091857,0.0096494677,0.0161239653096224,11.0542358756065
"91",2025-06-12T16:32:39+00:00,2025-06-12T16:33:04+00:00,"REVEAL_FLIGHT","c418",8,14,"13/07/2025T14:02",0.83,0.087,0.133,0.032,0.011,0.002,0.017,0.029,0.013,NA,NA,NA,0.471,NA,NA,0.002,NA,0.03,0.02,NA,0.251,NA,0.005,NA,0.005,0.002,NA,NA,0.003,10797.9953755697,52.934100886186,2.74959030648073,250.146434132258,0,223.525187842051,0,119.306667073568,191.144355443319,140.604036885897,429.472566666667,1956.6918,NA,NA,NA,NA,NA,0.0554230147103469,26.0794257322947
"92",2025-06-12T16:36:49+00:00,2025-06-12T16:37:15+00:00,"REVEAL_FLIGHT","c418",8,15,"13/07/2025T15:12",0.915,0.116,0.177,0.053,0.013,0.031,0.015,0.015,0.026,NA,0.005,0.006,0.006,NA,NA,0.003,NA,0.021,0.021,NA,0.005,0.005,0.004,NA,0.006,0.002,NA,NA,NA,10788.4833740234,53.1987251321475,2.602070175608,250.262458149592,0,223.401605876287,0,104.899999491374,153.942535158793,91.1047989443938,429.9249,1957.89123333333,0.017840624,0.1053734,0.040091444,-0.087249361,0.0028702847,0.0465357259778927,16.0945588946342
"93",2025-06-12T16:44:34+00:00,2025-06-12T16:45:00+00:00,"REVEAL_FLIGHT","c418",8,16,"13/07/2025T16:22",0.761,0.112,0.138,0.038,0.009,0.002,0.017,0.011,0.016,NA,0.005,0.004,0.006,NA,NA,0.002,NA,0.019,0.021,NA,0.005,0.007,0.003,NA,0.005,0.002,NA,NA,NA,10758.6521280924,53.3722069899241,1.19817951718966,250.158411725362,0,224.234834019343,0,170.480001831055,91.5966263510784,127.365749159654,427.798266666667,1939.4821,0.013260048,-0.08089713,0.042652573,0.053464934,0.026056062,0.0202121784966439,18.1409970919291
